{"accuracy": [0.7302937507629395, 0.8775873184204102, 0.9213742017745972, 0.9445337653160095, 0.9581051468849182, 0.967437207698822, 0.9719467759132385, 0.9767266511917114, 0.9798847436904907, 0.9818479418754578], "loss": [0.8776770830154419, 0.38316139578819275, 0.24194715917110443, 0.1717270165681839, 0.12865687906742096, 0.0978049710392952, 0.08539058268070221, 0.071827732026577, 0.061116091907024384, 0.056429121643304825], "val_accuracy": [0.8560209274291992, 0.9257341027259827, 0.9376280307769775, 0.9537332057952881, 0.9551559090614319, 0.9552128314971924, 0.9520259499549866, 0.9553835391998291, 0.9684725403785706, 0.9671067595481873], "val_loss": [0.4433556795120239, 0.23123738169670105, 0.1957046389579773, 0.14577718079090118, 0.14665330946445465, 0.1536645144224167, 0.16184937953948975, 0.1557861715555191, 0.10547111928462982, 0.1161959320306778]}